Gender,Year,Expected Number
Male,2001,9
Male,2002,10
Male,2003,10
Male,2004,10
Male,2005,10
Male,2006,10
Male,2007,10
Male,2008,10
Male,2009,10
Male,2010,10
Male,2011,11
Male,2012,11
Male,2013,10
Male,2014,11
Male,2015,11
Male,2016,11
Male,2017,11
Male,2018,10
Female,2001,9
Female,2002,10
Female,2003,10
Female,2004,10
Female,2005,10
Female,2006,10
Female,2007,10
Female,2008,10
Female,2009,10
Female,2010,11
Female,2011,11
Female,2012,11
Female,2013,11
Female,2014,11
Female,2015,11
Female,2016,11
Female,2017,11
Female,2018,11
,,
